Date,Clicks,Impressions,CTR,Position
2026-07-07,42,3674,1.14%,7.5
2026-07-08,47,3643,1.29%,8.4
2026-07-09,37,3599,1.03%,8.1
2026-07-10,44,3680,1.2%,8.5
2026-07-11,43,4031,1.07%,9.8
2026-07-12,41,4105,1%,9.5
2026-07-13,24,3507,0.68%,9.7
2026-07-14,105,7617,1.38%,6.3
2026-07-15,37,3366,1.1%,8.7
2026-07-16,43,2902,1.48%,8.4
2026-07-17,29,3247,0.89%,7.9
2026-07-18,29,3181,0.91%,7.9
2026-07-19,36,3007,1.2%,7.7
2026-07-20,30,2806,1.07%,10.1
2026-07-21,32,3024,1.06%,9.7
2026-07-22,33,2803,1.18%,9.2
2026-07-23,32,2941,1.09%,8.9
2026-07-24,34,3129,1.09%,9.5
2026-07-25,36,3214,1.12%,9.2
2026-07-26,40,3495,1.14%,10.7
2026-07-27,53,3069,1.73%,10.1
2026-07-28,30,3350,0.9%,11.2
2026-07-29,41,3202,1.28%,10.2
2026-07-30,48,3393,1.41%,11.1
2026-07-31,44,3305,1.33%,9.8
2026-08-01,44,3481,1.26%,10
2026-08-02,42,3561,1.18%,10.1
2026-08-03,33,3042,1.08%,9.2
2026-08-04,39,3006,1.3%,8.7
2026-08-05,38,3438,1.11%,10.1
2026-08-06,30,3147,0.95%,9.3
2026-08-07,31,3076,1.01%,7.4
2026-08-08,45,3431,1.31%,7.2
2026-08-09,45,3861,1.17%,9.4
2026-08-10,39,3704,1.05%,9.5
2026-08-11,26,3650,0.71%,10.3
2026-08-12,40,3784,1.06%,10.2
2026-08-13,37,3786,0.98%,10.7
2026-08-14,40,3203,1.25%,9
2026-08-15,37,3498,1.06%,9.5
2026-08-16,47,3440,1.37%,10.7
2026-08-17,31,3169,0.98%,10.6
2026-08-18,32,3081,1.04%,10.6
2026-08-19,27,3129,0.86%,10.5
2026-08-20,36,4017,0.9%,9.7
2026-08-21,36,3750,0.96%,9.6
2026-08-22,47,3648,1.29%,9.2
2026-08-23,39,3706,1.05%,9
2026-08-24,37,3854,0.96%,8.9
2026-08-25,43,3689,1.17%,10.3
2026-08-26,51,4063,1.26%,9.5
2026-08-27,37,3769,0.98%,9.8
2026-08-28,42,3676,1.14%,9.9
2026-08-29,41,3656,1.12%,11.1
2026-08-30,41,3532,1.16%,11.8
2026-08-31,38,3548,1.07%,10.2
2026-09-01,32,3382,0.95%,8.8
2026-09-02,35,3160,1.11%,8.1
2026-09-03,35,3015,1.16%,9
2026-09-04,57,3761,1.52%,8.5
2026-09-05,51,3739,1.36%,7.6
2026-09-06,66,4138,1.59%,7.6
2026-09-07,49,3619,1.35%,8.7
2026-09-08,39,3943,0.99%,8.2
2026-09-09,37,3963,0.93%,8.3
2026-09-10,40,3326,1.2%,7.2
2026-09-11,38,3287,1.16%,7.2
2026-09-12,48,4207,1.14%,7.9
2026-09-13,62,3692,1.68%,7.7
2026-09-14,37,3339,1.11%,7.3
2026-09-15,30,3067,0.98%,7.5
2026-09-16,32,3046,1.05%,7.1
2026-09-17,43,3143,1.37%,6.6
2026-09-18,30,3035,0.99%,7
2026-09-19,42,3120,1.35%,6.9
2026-09-20,44,2770,1.59%,6.7
2026-09-21,38,2585,1.47%,7.2
2026-09-22,42,2944,1.43%,7
2026-09-23,45,3103,1.45%,7
2026-09-24,38,3389,1.12%,7
2026-09-25,32,3200,1%,6.6
2026-09-26,38,3380,1.12%,6.6
2026-09-27,41,3229,1.27%,6.9
2026-09-28,36,3368,1.07%,6.5
2026-09-29,47,3155,1.49%,6.9
2026-09-30,29,2938,0.99%,6.9
2026-10-01,38,3298,1.15%,7.3
2026-10-02,97,4137,2.34%,5.8
2026-10-03,55,3597,1.53%,6.1
2026-10-04,53,3392,1.56%,6.7
2026-10-05,42,3393,1.24%,6.8
2026-10-06,44,3563,1.23%,6.7