Country,Clicks,Impressions,CTR,Position
United States,1915,164612,1.16%,7.55
United Kingdom,436,35253,1.24%,7.62
Canada,251,17796,1.41%,8.13
Sweden,177,4086,4.33%,5.16
Australia,166,13211,1.26%,7.84
Netherlands,56,4215,1.33%,8.06
Germany,53,4025,1.32%,8.55
Norway,49,1457,3.36%,6.07
India,35,6125,0.57%,14.69
France,32,2293,1.4%,10.46
New Zealand,31,2065,1.5%,8.95
Ireland,30,2584,1.16%,5.79
Spain,28,2047,1.37%,13.57
South Africa,25,2346,1.07%,5.42
Brazil,23,2608,0.88%,9.3
Mexico,23,2012,1.14%,13.14
Italy,21,1514,1.39%,8.57
Denmark,21,1045,2.01%,6.21
Indonesia,19,2539,0.75%,15.46
Belgium,17,1371,1.24%,6.5
Singapore,15,2209,0.68%,23.45
Portugal,15,780,1.92%,6.2
Philippines,14,4071,0.34%,15.74
Turkey,13,1476,0.88%,17.29
Thailand,13,1385,0.94%,18.08
Malaysia,12,2058,0.58%,16.2
Greece,12,749,1.6%,5.55
Switzerland,11,886,1.24%,7.66
Czechia,11,568,1.94%,7.05
South Korea,11,555,1.98%,12.29
Finland,10,768,1.3%,8.97
Austria,10,490,2.04%,6.48
Argentina,9,1056,0.85%,8.12
Vietnam,8,2604,0.31%,22.72
Japan,8,1183,0.68%,16.6
Israel,8,850,0.94%,8.39
Nigeria,8,788,1.02%,6.16
Romania,8,765,1.05%,8.11
Iran,8,509,1.57%,6.19
Hungary,8,476,1.68%,5.76
Chile,8,455,1.76%,8.25
Russia,7,2519,0.28%,12.48
Hong Kong,7,1073,0.65%,12.47
United Arab Emirates,6,1072,0.56%,8.07
Serbia,6,264,2.27%,5.97
Ecuador,6,191,3.14%,11.81
Poland,5,1146,0.44%,7.24
China,5,285,1.75%,5.68
Kenya,4,367,1.09%,6.62
Croatia,4,330,1.21%,5.64
Taiwan,4,276,1.45%,13.04
Puerto Rico,4,234,1.71%,5.08
Slovenia,4,182,2.2%,6.08
Colombia,3,577,0.52%,9.65
Morocco,3,527,0.57%,22.23
Peru,3,428,0.7%,7.35
Egypt,3,384,0.78%,10.3
Bulgaria,3,269,1.12%,6.31
Slovakia,3,218,1.38%,6.71
Iceland,3,172,1.74%,7.52
Georgia,3,170,1.76%,6.31
Costa Rica,3,141,2.13%,6.06
Qatar,3,91,3.3%,6.78
Bangladesh,2,746,0.27%,26.71
Ukraine,2,733,0.27%,16.28
Lithuania,2,395,0.51%,7.57
Jordan,2,278,0.72%,28.85
Ghana,2,188,1.06%,5.59
Dominican Republic,2,187,1.07%,7.55
Cyprus,2,165,1.21%,5.55
Sri Lanka,2,118,1.69%,6.75
Uzbekistan,2,90,2.22%,9.94
St. Lucia,2,17,11.76%,3.94
Saudi Arabia,1,586,0.17%,16.22
Pakistan,1,577,0.17%,16.47
Venezuela,1,194,0.52%,10.7
Iraq,1,191,0.52%,15.26
Trinidad & Tobago,1,137,0.73%,6.81
Estonia,1,132,0.76%,7.11
Belarus,1,126,0.79%,8.29
Malta,1,117,0.85%,5.44
Ethiopia,1,105,0.95%,6.01
Panama,1,91,1.1%,8.32
Tanzania,1,55,1.82%,5.44
Oman,1,46,2.17%,15.78
Nicaragua,1,42,2.38%,6.81
Jersey,1,39,2.56%,5.13
Zimbabwe,1,39,2.56%,6.97
Macau,1,27,3.7%,5.33
Guernsey,1,25,4%,4.52
Guam,1,22,4.55%,5.36
Guyana,1,21,4.76%,5
Malawi,1,17,5.88%,6.53
Swaziland,1,14,7.14%,5.64
Åland Islands,1,12,8.33%,4.08
Monaco,1,7,14.29%,6.29
Algeria,0,307,0%,24.68
Lebanon,0,169,0%,6.07
Uganda,0,122,0%,7.41
Nepal,0,122,0%,9.25
Albania,0,114,0%,6.28
Latvia,0,112,0%,6.81
Luxembourg,0,112,0%,8.79
Jamaica,0,111,0%,6.14
Kazakhstan,0,111,0%,12.49
Guatemala,0,98,0%,8.23
Kuwait,0,89,0%,8.62
Bosnia & Herzegovina,0,87,0%,7.08
Mongolia,0,87,0%,8.05
Uruguay,0,85,0%,7.25
Cambodia,0,77,0%,9.14
Macedonia,0,75,0%,5.93
Azerbaijan,0,75,0%,9.73
Tunisia,0,73,0%,7.11
Moldova,0,71,0%,7.2
Myanmar (Burma),0,71,0%,7.54
Honduras,0,69,0%,7.71
Paraguay,0,68,0%,6.68
Armenia,0,61,0%,6.38
Mauritius,0,59,0%,4.83
Bahrain,0,56,0%,6.32
Bolivia,0,55,0%,9.11
El Salvador,0,53,0%,8.32
Bahamas,0,50,0%,5.74
Zambia,0,49,0%,5.96
Belize,0,47,0%,11.55
Isle of Man,0,43,0%,6.26
Namibia,0,42,0%,4.02
Brunei,0,42,0%,6.31
Montenegro,0,41,0%,5.71
Rwanda,0,37,0%,7.32
Syria,0,36,0%,13.14
Barbados,0,31,0%,5.26
Palestine,0,31,0%,11.1
Cuba,0,29,0%,6.48
Cameroon,0,28,0%,6.04
Curaçao,0,27,0%,5.07
Kosovo,0,25,0%,6.48
Cayman Islands,0,25,0%,6.64
Suriname,0,24,0%,4.54
Bermuda,0,24,0%,5.67
Kyrgyzstan,0,23,0%,9.04
Maldives,0,22,0%,5.5
Botswana,0,22,0%,8.95
Aruba,0,19,0%,4.16
Libya,0,19,0%,5.53
Mozambique,0,19,0%,6.05
Laos,0,18,0%,11.33
Papua New Guinea,0,17,0%,3.94
Gibraltar,0,17,0%,4.59
Fiji,0,16,0%,11.06
U.S. Virgin Islands,0,15,0%,4.87
Angola,0,15,0%,8.4
Cape Verde,0,15,0%,10.4
Andorra,0,15,0%,17.73
Unknown Region,0,15,0%,22.2
Greenland,0,14,0%,6.5
Madagascar,0,12,0%,5.83
Lesotho,0,10,0%,5.1
Sierra Leone,0,9,0%,4.44
Senegal,0,9,0%,8
Seychelles,0,9,0%,9.22
Congo - Kinshasa,0,9,0%,18
Turks & Caicos Islands,0,8,0%,3.12
Benin,0,8,0%,9.38
Antigua & Barbuda,0,7,0%,3.86
Liberia,0,7,0%,4.71
Bhutan,0,7,0%,6
Yemen,0,7,0%,6.43
Côte d’Ivoire,0,7,0%,8.43
St. Vincent & Grenadines,0,7,0%,9.86
Togo,0,7,0%,10.29
Liechtenstein,0,7,0%,36.86
Burkina Faso,0,6,0%,3.5
Cook Islands,0,6,0%,3.5
Caribbean Netherlands,0,6,0%,6.17
French Polynesia,0,5,0%,2
British Virgin Islands,0,5,0%,2.4
Guadeloupe,0,5,0%,4.2
St. Martin,0,5,0%,6.4
Grenada,0,5,0%,7
Turkmenistan,0,5,0%,8.4
Somalia,0,5,0%,9
Congo - Brazzaville,0,5,0%,12.2
Dominica,0,4,0%,2
Gambia,0,4,0%,4
Sint Maarten,0,4,0%,4.5
Sudan,0,4,0%,5.75
Haiti,0,4,0%,6
New Caledonia,0,4,0%,6
Afghanistan,0,4,0%,6.5
Faroe Islands,0,4,0%,7.75
Réunion,0,4,0%,8
St. Kitts & Nevis,0,4,0%,9
Guinea,0,3,0%,2
Guinea-Bissau,0,3,0%,3.67
Samoa,0,3,0%,5.33
American Samoa,0,3,0%,6
Martinique,0,3,0%,6
South Sudan,0,3,0%,9
Djibouti,0,2,0%,2.5
Palau,0,2,0%,3
San Marino,0,2,0%,4.5
Mauritania,0,2,0%,9
Timor-Leste,0,2,0%,10
Northern Mariana Islands,0,1,0%,4
Niger,0,1,0%,4
Comoros,0,1,0%,5
Svalbard & Jan Mayen,0,1,0%,7
Vanuatu,0,1,0%,7
Mali,0,1,0%,8
Tajikistan,0,1,0%,8
Eritrea,0,1,0%,10
Solomon Islands,0,1,0%,10
Gabon,0,1,0%,16
Western Sahara,0,1,0%,47