Top pages,Clicks,Impressions,CTR,Position
https://danhon.substack.com/p/6-blind-african-american-pianists,2182,121210,1.8%,3.78
https://danhon.substack.com/p/best-piano-players-in-the-world,423,52276,0.81%,10.55
https://danhon.substack.com/p/flowkey-review,331,42934,0.77%,7.2
https://danhon.substack.com/p/piano-by-pictures-review,280,9024,3.1%,5.81
https://danhon.substack.com/p/11-legendary-self-taught-pianists,190,8957,2.12%,5
https://danhon.substack.com/p/tom-brier-the-story-and-tragic-ending,67,4569,1.47%,6.58
https://danhon.substack.com/p/best-keyboard-piano-for-beginners,65,20283,0.32%,11.16
https://danhon.substack.com/p/hoffman-academy-review,50,17434,0.29%,7.6
https://danhon.substack.com/p/piano-with-jonny-review,50,3697,1.35%,9.03
https://danhon.substack.com/p/the-best-sources-for-free-sheet-music,22,4100,0.54%,27.42
https://danhon.substack.com/p/piano-masterclass-by-ridley-academy-review,16,3277,0.49%,10.82
https://danhon.substack.com/p/piano-with-jonny-review/comments,16,279,5.73%,10.21
https://danhon.substack.com/p/playground-sessions-review,14,4673,0.3%,11.23
https://danhon.substack.com/p/pianoforall-honest-review-2022,9,2531,0.36%,13.27
https://danhon.substack.com/p/piano-in-21-days-review,8,752,1.06%,11.26
https://danhon.substack.com/p/7-reasons-why-piano-is-the-best-instrument,7,635,1.1%,20.97
https://danhon.substack.com/p/piano-by-pictures-review/comments,6,1212,0.5%,9.89
https://danhon.substack.com/p/piano-masterclass-by-ridley-academy-review/comments,5,1246,0.4%,13.2
https://danhon.substack.com/p/the-history-of-piano,3,1386,0.22%,45.86
https://danhon.substack.com/p/paul-barton-the-pianist-of-elephants,3,784,0.38%,9.72
https://danhon.substack.com/,3,541,0.55%,7.13
https://danhon.substack.com/p/play-like-a-time-traveler,3,498,0.6%,7.27
https://danhon.substack.com/p/piano-pedals,2,2698,0.07%,38.82
https://danhon.substack.com/p/perfect-pitch-complete-explanation,2,1950,0.1%,29.19
https://danhon.substack.com/p/piano-vs-guitar-which-is-easier,2,1590,0.13%,22.67
https://danhon.substack.com/p/piano-benefits-brain-wellbeing,2,882,0.23%,44.23
https://danhon.substack.com/p/how-technology-is-shaping-the-future-of-piano,2,111,1.8%,26.93
https://danhon.substack.com/p/busking-street-performance,1,1772,0.06%,31.16
https://danhon.substack.com/p/what-is-the-best-age-to-learn-piano,1,919,0.11%,25.04
https://danhon.substack.com/p/5-common-mistakes-beginner-pianists-make,1,330,0.3%,21.55
https://danhon.substack.com/p/conquering-performance-anxiety-tips,1,207,0.48%,31.73
https://danhon.substack.com/p/the-best-sources-for-free-sheet_music,1,1,100%,1
https://danhon.substack.com/p/caring-for-your-piano-tuning-essentials,0,3719,0%,7.71
https://danhon.substack.com/p/sight-reading-made-simple-guide,0,2610,0%,63.82
https://danhon.substack.com/p/6-steps-to-becoming-a-piano-teacher,0,470,0%,40.6
https://danhon.substack.com/p/6-things-i-wish-id-known-when-i-started-piano,0,238,0%,19.75
https://danhon.substack.com/about,0,104,0%,6.59
https://danhon.substack.com/archive,0,27,0%,21.07
https://danhon.substack.com/p/qanon-looks-like-an-alternate-reality,0,25,0%,8.32
https://danhon.substack.com/p/tom-brier-the-story-and-tragic-ending/comments,0,17,0%,16.94
https://danhon.substack.com/p/flowkey-review/comments,0,13,0%,24
https://danhon.substack.com/sitemap/2023,0,8,0%,4.12
https://danhon.substack.com/sitemap/2024,0,7,0%,2.86
https://danhon.substack.com/sitemap/2026,0,6,0%,3.83
https://danhon.substack.com/sitemap,0,6,0%,6.17
https://danhon.substack.com/p/flowkey,0,1,0%,1