Top queries,Clicks,Impressions,CTR,Position
blind piano player,239,11364,2.1%,2.32
blind pianist,174,6459,2.69%,2.43
blind piano player black,114,2343,4.87%,2.03
black blind piano player,110,1561,7.05%,2.05
blind black piano player,107,2095,5.11%,2.07
piano by pictures,62,2566,2.42%,3.6
flowkey review,51,1454,3.51%,4.94
piano by pictures reviews,48,498,9.64%,2.27
blind black musician,42,2595,1.62%,2.24
blind black pianist,31,453,6.84%,2.11
blind pianospelare,31,220,14.09%,1.65
blind musician black,30,1551,1.93%,2.19
blind jazz musician,27,1131,2.39%,2.89
flowkey cost,25,1567,1.6%,3.9
self taught pianists,23,241,9.54%,3.52
flowkey,21,10922,0.19%,8.29
flowkey pricing,21,706,2.97%,3.27
black blind singer piano player,20,276,7.25%,2.11
blind artist piano,20,160,12.5%,1.39
who is the best pianist in the world today,17,1384,1.23%,7.38
black blind pianist,17,332,5.12%,2.13
piano with jonny review,17,245,6.94%,8.03
blind black singer,16,7255,0.22%,2.94
blind singer black,16,4396,0.36%,2.16
black blind singer,16,2951,0.54%,2.38
best pianist in the world today,16,600,2.67%,7.18
is piano by pictures legit,16,130,12.31%,2.12
blind black singer piano player,15,263,5.7%,2.07
top 10 best pianists today,14,2123,0.66%,9.07
blind pianist black,13,450,2.89%,2.16
best pianist in the world,12,1910,0.63%,8.95
best piano player in the world,12,1438,0.83%,7.9
flowkey price,12,940,1.28%,3.81
black blind musician,12,711,1.69%,2.2
blind piano,12,380,3.16%,3.02
blind black guy who plays piano,12,226,5.31%,1.99
dr ryan kelly piano,12,58,20.69%,1.09
famous black piano players,11,531,2.07%,2.97
tom brier accident,11,383,2.87%,5.34
blind pianist famous,9,804,1.12%,3.55
best pianists today,9,269,3.35%,7.78
top pianists in the world today,9,235,3.83%,8.23
black blind piano player and singer,9,141,6.38%,2.11
hoffman academy,8,10669,0.07%,7.24
tom brier,8,1386,0.58%,4.32
famous pianists today,8,1067,0.75%,8.68
blind black singers,8,593,1.35%,2.85
blinde pianist zwart,8,191,4.19%,1.32
famous black blind piano player,8,137,5.84%,2.04
blind black artist,7,325,2.15%,2.09
blind jazz pianist,7,294,2.38%,5.67
flowkey reviews,7,208,3.37%,5.73
blind man playing piano,7,149,4.7%,2.13
black pianist blind,7,97,7.22%,2.25
black piano player blind,7,68,10.29%,2.16
piano with jonny,6,983,0.61%,6.69
black piano player,6,530,1.13%,3.39
blind piano guy,6,445,1.35%,2.31
how much is flowkey,6,304,1.97%,3.89
is flowkey worth it,6,289,2.08%,5.45
blind singer piano player,6,257,2.33%,2.28
blind black man that plays piano,6,102,5.88%,1.98
piano by pictures books,6,102,5.88%,2.38
famous self taught pianists,6,79,7.59%,2.96
blind jazz musician black,6,61,9.84%,2.03
ryan kelly piano,6,58,10.34%,1.29
blind black singer and piano player,6,56,10.71%,2.09
ridley academy,5,710,0.7%,8.34
best pianists,5,647,0.77%,12.78
blind piano player famous,5,470,1.06%,3.34
best pianists in the world today,5,293,1.71%,8.22
blind african american singer,5,271,1.85%,2.73
blind keyboard player,5,204,2.45%,2.63
piano by picture,5,129,3.88%,4.21
blind black piano player and singer,5,126,3.97%,2.13
pianist blind,5,121,4.13%,4.17
best piano players in the world,5,110,4.55%,8.74
piano with jonny reviews,5,97,5.15%,8.19
lang lang,5,88,5.68%,3.01
piano blind,5,64,7.81%,4.11
black piano players,4,759,0.53%,3.34
famous piano players today,4,365,1.1%,8.63
black blind singers,4,339,1.18%,2.26
blind guy that plays piano,4,284,1.41%,2.42
flowkey free trial,4,239,1.67%,6.51
how much does flowkey cost,4,207,1.93%,3.82
black blind guy that plays piano,4,133,3.01%,2.01
is tom brier still alive,4,124,3.23%,9.75
blind guy plays piano,4,121,3.31%,2.27
the blind pianist,4,116,3.45%,2.58
blinder pianist schwarz,4,110,3.64%,2.97
flowkey trial,4,110,3.64%,5.09
blind black guy that plays piano,4,100,4%,2
blind man that plays piano,4,98,4.08%,3.04
blind jazz guy,4,87,4.6%,2.05
blind jazz singer black,4,84,4.76%,2.95
blind black piano players,4,82,4.88%,2.07
how much is flowkey per month,4,82,4.88%,3.57
piano with jonny reddit,4,65,6.15%,6.69
blind pianist name,4,57,7.02%,2.86
piano blind man,4,55,7.27%,1.93
blind amerikansk pianist,4,40,10%,3.62
black blind singer who plays the piano,4,34,11.76%,2.38
blind african american pianist,4,32,12.5%,2.22
is flowkey free,3,1175,0.26%,5.71
black pianist,3,853,0.35%,3.71
flowkey piano,3,761,0.39%,8.56
famous blind piano player,3,627,0.48%,3.12
pianowithjonny,3,518,0.58%,8.37
blind piano players,3,437,0.69%,4.42
who is the blind piano player,3,406,0.74%,2.64
piano by pictures academy,3,313,0.96%,6.15
blind piano man,3,300,1%,2.16
blind guy who plays piano,3,282,1.06%,2.34
blind black musicians,3,235,1.28%,4.23
best pianists in the world,3,228,1.32%,9.28
most famous pianists today,3,191,1.57%,7.61
what happened to tom brier,3,184,1.63%,6.15
black pianists,3,169,1.78%,3.98
self taught pianist,3,159,1.89%,4.19
is flowkey good for learning piano,3,144,2.08%,5.74
flowkey app review,3,108,2.78%,5.28
black blind musicians,3,101,2.97%,3.12
flowkey song library,3,101,2.97%,5.5
blind artist black,3,67,4.48%,1.99
current best pianist in the world,3,59,5.08%,7.15
flowkey library,3,58,5.17%,6.19
famous blind black piano player,3,55,5.45%,1.98
blind pianst,3,53,5.66%,2.36
black blind piano,3,48,6.25%,2.21
black blind piano players,3,44,6.82%,2.07
elisey mysin,3,41,7.32%,2.27
who is the best concert pianist today,3,38,7.89%,8.79
who is the best piano player in the world,2,1042,0.19%,8.21
best pianist,2,700,0.29%,9.68
flowkey app,2,668,0.3%,9.35
famous blind pianist,2,547,0.37%,3.4
best piano for beginners,2,526,0.38%,17.3
best piano player,2,509,0.39%,9.14
playground sessions review,2,342,0.58%,10.68
flowkey subscription,2,308,0.65%,6.81
flowkey premium,2,296,0.68%,8.01
top pianists,2,264,0.76%,10.69
famous black pianist,2,252,0.79%,3.48
whos the blind piano player,2,185,1.08%,3.36
top pianist in the world,2,169,1.18%,9.03
top classical pianists today,2,164,1.22%,10.3
black blind artist,2,154,1.3%,2.33
whos the best piano player in the world,2,149,1.34%,8.6
worlds best pianist,2,146,1.37%,8.85
best pianist today,2,140,1.43%,7.56
greatest living pianists,2,129,1.55%,10.02
blind pianist singer,2,128,1.56%,2.4
mejor pianista del mundo actual,2,109,1.83%,8.77
flow key price,2,103,1.94%,3.94
best piano players today,2,103,1.94%,6.98
flowkey price uk,2,102,1.96%,4.27
famous blind black musicians,2,100,2%,3.93
flowkey classic vs premium,2,95,2.11%,4.75
piano4all,2,89,2.25%,7.66
piano player blind,2,85,2.35%,3.98
flowkey prices,2,84,2.38%,3.67
blind jazz piano player,2,83,2.41%,6.22
who is the black blind piano player,2,80,2.5%,2.25
blind pianost,2,80,2.5%,2.45
blind guy playing piano,2,70,2.86%,2.16
blind jazz artist,2,70,2.86%,7.9
quien es el mejor pianista del mundo actualmente,2,67,2.99%,9.16
blind black jazz singer,2,66,3.03%,2.86
top pianist in the world today,2,66,3.03%,8.67
blind guy piano,2,65,3.08%,2.35
hoffman academy for adults,2,62,3.23%,8.98
famous black blind musicians,2,56,3.57%,4.18
how does flowkey work,2,51,3.92%,4.14
who is the black blind singer and piano player,2,49,4.08%,2.22
stephen ridley wikipedia,2,47,4.26%,10.87
blind jazz musicians,2,45,4.44%,6.16
pianist ranking,2,43,4.65%,9.7
blind singer piano,2,39,5.13%,2.51
blind pianist and singer,2,36,5.56%,2
famous self-taught pianists,2,34,5.88%,3.12
pianowithjonny review,2,33,6.06%,9.45
blind african american musicians,2,32,6.25%,3.78
hoffman academy review,2,27,7.41%,11.41
hoffman academy pricing,2,24,8.33%,6.88
best living pianists today,2,23,8.7%,7.52
van cliburn,2,18,11.11%,3
world pianist ranking,2,14,14.29%,9.29
blind black jazz pianist,2,12,16.67%,2
piano by pictures academy reviews,2,7,28.57%,2.14
hoffman academy piano,1,1192,0.08%,7.25
playground sessions,1,866,0.12%,9.82
blind artist singer,1,808,0.12%,3.59
who is the best pianist in the world,1,638,0.16%,8.91
hoffman piano academy,1,553,0.18%,7.2
pianoforall,1,501,0.2%,11.45
flow key,1,489,0.2%,8.44
the best pianist in the world,1,343,0.29%,8.86
blind pianists,1,340,0.29%,5.86
who was the blind piano player,1,332,0.3%,4.32
list of blind piano players,1,299,0.33%,7.14
current black piano players,1,285,0.35%,2.76
best keyboard piano for beginners,1,280,0.36%,14.41
black singer blind,1,259,0.39%,2.32
pianobypictures,1,251,0.4%,10.43
blind black singers male,1,245,0.41%,2.32
best piano keyboard for beginners,1,208,0.48%,18.76
black blind singer male,1,202,0.5%,2.29
best piano players,1,191,0.52%,9.48
is flowkey good,1,174,0.57%,5.59
tom brier update,1,170,0.59%,4.86
blind musicians black,1,167,0.6%,2.86
best pianist alive,1,164,0.61%,9.32
blind black guy singer,1,150,0.67%,2.95
who is the blind black singer,1,149,0.67%,4.12
blind piano singer,1,138,0.72%,2.36
flowkey piano review,1,138,0.72%,4.23
hoffman acadamy,1,137,0.73%,7.5
blind singer black male,1,128,0.78%,2.27
the blind piano player,1,118,0.85%,2.79
how much is flowkey subscription,1,118,0.85%,4.43
black blind musicians famous,1,115,0.87%,3.01
blind man who plays piano,1,113,0.88%,2.43
blind jazz player,1,113,0.88%,2.75
blind american musician,1,111,0.9%,2.18
flowkey piano app,1,111,0.9%,9.98
flowkey subscription cost,1,110,0.91%,4.12
most famous pianists,1,110,0.91%,10.14
who is the black blind singer,1,103,0.97%,3.49
daniil trifonov net worth,1,103,0.97%,10.31
yuja wang,1,99,1.01%,2.57
world's best pianist,1,97,1.03%,9.21
world's best pianists today,1,96,1.04%,7.84
top 10 pianists in the world today,1,94,1.06%,8.03
world best piano player,1,94,1.06%,8.93
blind piano artist,1,90,1.11%,2.88
blind american singer black,1,88,1.14%,2.34
blind pianist jazz,1,85,1.18%,3.55
ridley academy review,1,84,1.19%,11
flowkey lifetime,1,82,1.22%,8.48
flowkey prijs,1,77,1.3%,7.78
the blind black singer,1,75,1.33%,2.4
blind black singers famous,1,74,1.35%,2.53
flowkey family plan,1,74,1.35%,7.51
blind black man,1,74,1.35%,9.15
best beginner keyboard,1,73,1.37%,15.96
black piano singer male,1,69,1.45%,1.45
blind jazz singer male,1,69,1.45%,3.58
playground sessions lifetime membership,1,67,1.49%,7.81
who is the blind black piano player,1,66,1.52%,2.06
best piano players in the world today,1,66,1.52%,6.86
blind man piano,1,65,1.54%,1.72
blind singers male black,1,64,1.56%,2.27
blind singer and piano player,1,64,1.56%,3.11
blind musician piano,1,64,1.56%,3.67
who was the black blind piano player,1,61,1.64%,2.61
blind jazz,1,61,1.64%,2.74
top pianist,1,61,1.64%,8.84
can tom brier still play piano,1,60,1.67%,6.75
blind black musician names,1,58,1.72%,4.53
blind black music artist,1,58,1.72%,5.05
piano for all review,1,57,1.75%,15.25
emilio piano,1,55,1.82%,2.11
playground sessions piano review,1,54,1.85%,10.98
black singer piano player,1,51,1.96%,1.49
most famous pianist in the world today,1,51,1.96%,8.2
the best pianist in the world today,1,51,1.96%,8.27
hoffman academy reviews,1,51,1.96%,11.35
blind painist,1,50,2%,2.44
blind piano player singer,1,49,2.04%,4.08
who is the best pianist,1,49,2.04%,10.43
best piano keyboard for beginner,1,49,2.04%,21.94
blind black piano,1,47,2.13%,1.87
blind black piano singer,1,47,2.13%,2.04
blind singer who plays piano,1,47,2.13%,2.47
best beginner pianos,1,46,2.17%,10.35
best digital piano for beginners 2026,1,44,2.27%,7.18
นักเปียโนระดับโลก,1,44,2.27%,7.82
is hoffman academy good for adults,1,43,2.33%,4.63
blind black.singer,1,42,2.38%,2
best piano player alive,1,41,2.44%,9.07
black singer blind piano,1,39,2.56%,1.92
best roland keyboard for beginners,1,39,2.56%,9.18
concert pianists today,1,36,2.78%,9.78
blind piano.player,1,34,2.94%,2.24
flowkey classic,1,34,2.94%,6.44
hoffman method piano,1,34,2.94%,8.74
arthur rubinstein,1,33,3.03%,3.12
black piano players famous,1,33,3.03%,5.52
the best pianist,1,33,3.03%,9.21
famous living pianists,1,33,3.03%,10
piano with pictures,1,32,3.12%,3.09
ryan kelly piano by pictures,1,30,3.33%,1.2
blind piano black guy,1,30,3.33%,1.97
blind black artists,1,30,3.33%,3.07
oscar peterson,1,30,3.33%,3.07
famous self taught musicians,1,29,3.45%,11.1
pianist best,1,28,3.57%,9.36
who is the blind black guy that plays piano,1,27,3.7%,2.04
best pianist in the world currently,1,27,3.7%,7.15
best young classical pianists today,1,27,3.7%,12.04
self taught piano players,1,26,3.85%,3.81
black american pianist,1,26,3.85%,5.88
joseph hoffman piano academy,1,26,3.85%,6.77
best piano players alive,1,26,3.85%,8.23
popular pianist,1,26,3.85%,21.69
hoffman academy cost,1,25,4%,6.72
mejores pianistas actuales,1,24,4.17%,24.12
hayato sumino,1,23,4.35%,3.43
who is the most famous pianist in the world,1,23,4.35%,10.22
black blind male singer,1,21,4.76%,2.19
top 10 pianist in the world,1,21,4.76%,9.05
blind singer pianist,1,20,5%,2.7
pianoforall academy,1,20,5%,6.05
famous modern piano players,1,20,5%,13.4
famous modern pianists,1,20,5%,16.2
african american piano players,1,19,5.26%,5.21
paul barton elephants,1,19,5.26%,8.79
who is best pianist in the world,1,18,5.56%,9.94
piano for all reviews,1,18,5.56%,14.11
greatest pianist,1,18,5.56%,14.22
blind piano singer black,1,17,5.88%,2
flow key review,1,17,5.88%,4.12
blind american pianist,1,16,6.25%,1.94
world top pianist,1,15,6.67%,9.2
nikolai lugansky,1,14,7.14%,3.21
top male pianists today,1,14,7.14%,9
who is the blind black musician,1,13,7.69%,3.92
pianistas famosos modernos,1,13,7.69%,19.38
who is the current best pianist,1,12,8.33%,8.25
piano with jonny cost,1,12,8.33%,9.5
ben laude,1,11,9.09%,2.91
gina alice redlinger,1,10,10%,3
tom brier death,1,10,10%,3.6
world class pianists,1,10,10%,10.2
what do the pedals do on a piano,1,10,10%,55
svart blind pianist,1,9,11.11%,1.44
black blind man that plays piano,1,9,11.11%,2
the piano final,1,9,11.11%,2.67
justus eichhorn pianist,1,9,11.11%,3.22
who is the greatest pianist alive today,1,9,11.11%,7.11
concert pianist,1,9,11.11%,7.33
flowkey opiniones,1,9,11.11%,13.44
jude kofie,1,8,12.5%,2.12
professional pianists,1,8,12.5%,24.25
valentina lisitsa,1,7,14.29%,3.29
murray perahia,1,7,14.29%,3.86
flowkey piano app cost,1,6,16.67%,3.67
great classical pianists,1,6,16.67%,28.17
george harliono,1,5,20%,2.4
yes,1,5,20%,7.8
best first piano,1,5,20%,10.2
radu lupu,1,4,25%,2.75
ivo pogorelich,1,4,25%,3
lang lang pianista,1,4,25%,3
mickey gilley,1,4,25%,3
vincent ong,1,4,25%,3
seong-jin cho,1,4,25%,3.5
best keyboard for simply piano,1,4,25%,5.75
who is the best classical pianist today,1,4,25%,8
jazer lee,1,4,25%,11
best student keyboard,1,4,25%,11.75
igor levit net worth,1,4,25%,12.75
best current jazz pianists,1,4,25%,36
lucas chiche pianist,1,3,33.33%,2.33
alfred brendel overleden,1,3,33.33%,2.67
blind jazzpianist,1,3,33.33%,2.67
sir stephen hough,1,3,33.33%,2.67
cateen,1,3,33.33%,3.33
famous blind singers,1,3,33.33%,4
avis flowkey,1,3,33.33%,12.67
free sheet music downloads for piano and voice,1,3,33.33%,17.67
best beginner keyboard piano for adults,1,3,33.33%,18.67
best roland digital piano for beginners,1,2,50%,1
classical music artists today,1,2,50%,1
flight of the bumblebee,1,2,50%,3
oscar levant,1,2,50%,3
arcadi volodos,1,2,50%,4
lennie tristano,1,2,50%,4
vikingur olafsson,1,2,50%,4
alexandre kantorow,1,2,50%,4.5
flowkey piano learning app: classic plan (5-year subscription),1,2,50%,6.5
the best piano players in the world,1,2,50%,8.5
how did liszt practice,1,2,50%,16.5
atuais,1,1,100%,1
best rated piano keyboards,1,1,100%,1
free beginner piano lessons for adults,1,1,100%,1
bindningstid?,1,1,100%,2
played on piano,1,1,100%,2
teclado para aprender piano,1,1,100%,2
where does evgeny kissin live,1,1,100%,2
다닐 트리노프,1,1,100%,2
how to self teach piano,1,1,100%,3
maxim lando,1,1,100%,3
pian pentru incepatori,1,1,100%,3
riccardo muti net worth,1,1,100%,3
vladimir ashkenazy pianist,1,1,100%,3
volodos,1,1,100%,3
ланг ланг биография,1,1,100%,3
barbara cvitanovic pianist,1,1,100%,4
earl hines,1,1,100%,4
hayato sumino bolero,1,1,100%,4
martha argerich fortune,1,1,100%,4
sokolov,1,1,100%,4
stella almondo wikipédia,1,1,100%,4
who’s in the photo,1,1,100%,4
ναι παρακαλώ,1,1,100%,4
whats the best instrument,1,1,100%,5
everybody digs bill evans,1,1,100%,6
martha argerich taiwan,1,1,100%,6
ピアノ楽譜,1,1,100%,6
cuanto cuesta en peru,1,1,100%,11
piano vs guitar which is harder,1,1,100%,30
best living pianists,0,2630,0%,8.62
piano maintenance,0,1973,0%,7.33
piano for beginners 2026,0,1645,0%,6.33
piano maintenance cost,0,1471,0%,6.99
keyboard for beginners 2026,0,1418,0%,6.47
blind musician,0,1143,0%,6.07
blind black singer male,0,517,0%,2.38
top 7 piano in 2024,0,460,0%,9.34
pianists,0,460,0%,26.12
best musical keyboards for small churches 2025 2026,0,408,0%,10.03
best piano for students,0,369,0%,6.81
piano players,0,334,0%,15.67
sight reading,0,325,0%,66.53
flokey,0,292,0%,8.63
top 7 piano in 2025,0,281,0%,7.85
the best piano player in the world,0,279,0%,8.35
keyboard for beginners 2025,0,264,0%,9.27
famous blind black guy,0,261,0%,2.32
best 88 key keyboard for beginners,0,256,0%,7.68
black blind singers male,0,252,0%,2.17
blind singers black,0,248,0%,2.21
famous pianist today,0,247,0%,8.19
famous blind black singer,0,240,0%,2.94
paul barton,0,240,0%,8.22
blind musicians,0,240,0%,27.41
blind soul singer,0,237,0%,5.05
what is flowkey,0,233,0%,7.63
blind black man singer,0,230,0%,2.72
hoffmanacademy,0,225,0%,7.18
playground sessions piano,0,219,0%,10.39
famous pianists,0,198,0%,16.72
piano for beginners 2025,0,197,0%,8.53
blind music artist,0,193,0%,6.05
famous black blind singer,0,191,0%,2.47
pianobypictures academy,0,191,0%,9.25
hoffman academy piano lessons,0,187,0%,7.8
famous piano players,0,187,0%,20.37
busking,0,187,0%,43.52
best classical pianists,0,182,0%,32.51
busking meaning,0,178,0%,30.06
top classical pianists,0,175,0%,13.37
best natural piano under 50,0,173,0%,9.82
famous black blind singers,0,168,0%,2.33
famous blind musician,0,164,0%,7.67
best keyboard for beginners 740,0,164,0%,54.7
learn to sight read music,0,153,0%,54.57
top singing pianist,0,151,0%,35.3
sight reading meaning,0,150,0%,55.27
how to sight read for beginners,0,149,0%,40.85
does flowkey cost money,0,148,0%,3.93
famous blind pianist and singer,0,147,0%,3.87
compare keyboard for beginners 756,0,146,0%,49.56
best keyboard for beginners,0,143,0%,14.57
best singing pianist,0,143,0%,33.76
black pianist singer,0,141,0%,2.55
how to sight read,0,140,0%,55.88
best beginner keyboard piano,0,139,0%,19.15
best piano,0,138,0%,21.85
blind pianoist,0,136,0%,2.61
famous black piano player,0,136,0%,3.48
blind music artists,0,132,0%,12.24
piano pedals,0,131,0%,56.44
who was the blind pianist,0,129,0%,5.88
top pianists in the world,0,126,0%,9.44
pianoforall udemy,0,125,0%,11.19
famous blind musicians,0,125,0%,12.18
udemy pianoforall,0,123,0%,11.58
best beginner piano,0,123,0%,18.54
hoffman piano,0,121,0%,8.69
tom brier piano,0,121,0%,9.02
piano by pictures complaints,0,119,0%,4.86
blind musician famous,0,119,0%,7.78
pianoforall udemy vs website,0,118,0%,12.36
best pianists alive,0,117,0%,9.11
best pianos for beginners,0,117,0%,14.82
world's best piano player,0,116,0%,8.15
worlds best piano player,0,116,0%,8.28
best easy piano under 500,0,116,0%,9.61
black piano player singer,0,115,0%,2.5
pianoforall review,0,115,0%,14.93
best piano for beginner,0,115,0%,20.46
flowkey piano lessons,0,114,0%,8.76
flowkey cost uk,0,111,0%,5.86
famous blind pianists,0,111,0%,7.93
playground sessions coupon,0,111,0%,9.38
ridley academy reviews,0,109,0%,10.05
blind famous pianist,0,108,0%,3.15
pianista negro cego,0,108,0%,6.78
classical pianists today,0,108,0%,9.69
famous black male piano players,0,107,0%,3.17
piano with johnny,0,105,0%,6.44
best beginner piano keyboard,0,105,0%,15.69
blind black american singer,0,104,0%,3.01
udemy piano course review,0,104,0%,16.62
pedals on the piano,0,103,0%,50.78
best quiet piano under 50,0,102,0%,9.86
piano in 21 days,0,100,0%,10.8
udemy piano for all,0,100,0%,17.68
best digital piano for beginners 2025,0,99,0%,5.4
absolute pitch,0,95,0%,74.83
flowkey app cost,0,93,0%,3.89
piano for all udemy,0,92,0%,15.8
sheet music websites,0,92,0%,42.63
greatest pianists today,0,91,0%,8.54
famous black pianists,0,90,0%,4.5
best entry level keyboard,0,90,0%,18.73
where can i find sheet music online for free,0,90,0%,43.43
flowkey lifetime subscription,0,88,0%,6.24
what is flowkey app,0,88,0%,7.1
evaluate flowkey on practice tools for musicians,0,88,0%,7.84
whos the best pianist in the world,0,88,0%,8.57
hoffman accademy,0,87,0%,5.25
flowky,0,86,0%,9.56
piano vs guitar,0,86,0%,37.38
beginner pianos,0,85,0%,15.34
free sheet music downloads,0,85,0%,42.11
pianista ciego negro,0,82,0%,7.94
best modern pianists,0,82,0%,10.05
best compact piano under 50,0,82,0%,11.01
best beginner weighted keyboard,0,82,0%,16.71
famous pianist,0,82,0%,21.67
the best piano player,0,81,0%,9.8
sessions lifetime deal,0,81,0%,14.53
free music sheets,0,81,0%,50.04
flowkey meaning,0,80,0%,8.68
playground sessions vs flowkey,0,78,0%,7.44
world best pianist,0,78,0%,9.1
piano pedal,0,77,0%,34.21
who is the blind pianist,0,76,0%,3.16
famous blind piano players,0,76,0%,5.43
best digital piano for beginners with weighted keys,0,76,0%,8.75
popular pianists today,0,76,0%,9.59
who is the best piano player,0,76,0%,9.76
free scores,0,76,0%,39.62
what is perfect pitch,0,75,0%,42.56
who is the famous blind piano player,0,74,0%,6.23
who is the best piano player in the world right now,0,74,0%,7.16
best classical pianists today,0,74,0%,10.19
playground piano,0,74,0%,15.55
black pianist male,0,73,0%,3.04
tom brier update 2026,0,73,0%,5.95
famous black piano players today,0,73,0%,8.04
stephen ridley reviews,0,73,0%,8.33
who is the best pianist in the world right now,0,72,0%,7.94
best starter piano,0,72,0%,15.26
black blind singers famous,0,71,0%,2.21
who was the blind black singer,0,71,0%,5.42
piano for all,0,70,0%,16.09
best pianist los angeles,0,70,0%,28.07
ridley academy cost,0,69,0%,6.39
flowkey lifetime membership,0,69,0%,7.86
"i find flowkey too basic — what are better piano practice apps for 
intermediate players?",0,69,0%,13.61
tom brier pianist,0,68,0%,8.29
best lightweight piano under 50,0,68,0%,9.69
my favourite instrument piano essay,0,68,0%,60.63
black singer who is blind,0,67,0%,2.87
stephen ridley masterclass,0,67,0%,10.93
pianos for beginners,0,67,0%,15.93
perfect pitch,0,67,0%,53.55
flowkey piano app review,0,66,0%,5.64
michael ziegler pianist,0,65,0%,2.29
alice sara ott,0,65,0%,3.43
go.masterclass-piano.com review,0,65,0%,6.05
flowkeys,0,65,0%,8.62
best easy piano under 50,0,65,0%,10.49
flowkey plans,0,64,0%,3.66
hoffmann academy,0,64,0%,7.03
piano by pictures login,0,64,0%,11.2
best piano player in the world today,0,63,0%,7.05
https://www.ridleyacademy.com/products/the-complete-piano-masterclass-2026,0,63,0%,8.79
best beginner keyboards,0,63,0%,19.81
blinder klavierspieler schwarz,0,62,0%,2.08
black piano artist,0,62,0%,2.4
evaluate flowkey on interactive music education,0,62,0%,6.94
blind black artist singer,0,61,0%,5.89
piano in 21 days review,0,61,0%,8.36
what's the best age to start piano lessons,0,61,0%,34.59
black piano player singer male,0,60,0%,1
who's the blind black singer,0,60,0%,5.68
how much is hoffman academy,0,60,0%,6.48
flowkey vs playground sessions,0,60,0%,8.05
ridley method piano review,0,60,0%,9.63
good piano for beginners,0,60,0%,18.5
how much is flowkey app,0,59,0%,4.31
is flow key free,0,59,0%,8.07
best current pianists,0,59,0%,8.53
ridley method,0,59,0%,8.88
who is considered the best pianist in the world,0,59,0%,10.17
best piano for a beginner,0,59,0%,21.17
famous blind black singers,0,58,0%,3.12
how much does flowkey cost?,0,58,0%,3.17
african american blind singer,0,58,0%,3.19
who's the best piano player in the world,0,58,0%,8.52
most famous pianist today,0,58,0%,8.66
most famous pianist in the world,0,58,0%,9.62
famous piano player,0,58,0%,20.21
blind famous piano player,0,57,0%,3.18
is stephen ridley masterclass free,0,57,0%,3.51
is flowkey app free,0,57,0%,8.7
best piano keyboards for beginners,0,57,0%,20.79
famous blind musicians black,0,56,0%,2.73
do you have to pay for flowkey,0,56,0%,4.82
beginner keyboard piano,0,56,0%,18.16
black guy that plays piano,0,55,0%,4.51
who's the best pianist in the world,0,55,0%,8.31
best pianist in the world right now,0,55,0%,8.58
evaluate flowkey on beginner piano courses,0,55,0%,8.8
the ridley method,0,55,0%,10.67
sight read,0,55,0%,58.07
famous black piano player and singer,0,54,0%,1.98
blind black male singers,0,54,0%,2.98
flowkey premium price,0,54,0%,4.89
pianist black,0,54,0%,8.04
ridley method reviews,0,54,0%,8.89
most famous pianist,0,54,0%,11.54
blind playing piano,0,53,0%,15.45
greatest pianist of all time,0,53,0%,17.42
cheap keyboard for beginners 732,0,53,0%,35.62
who was the famous blind pianist,0,52,0%,6.96
blind pianists famous,0,52,0%,8.71
which pianist was blind,0,52,0%,9.79
best portable piano under 50,0,52,0%,11.17
stephen ridley,0,52,0%,21.25
best classical pianist,0,52,0%,36.88
who was the blind black piano player,0,51,0%,2.49
black piano singer,0,51,0%,2.55
best digital pianos for beginners 2026,0,51,0%,5.41
greatest pianist alive,0,51,0%,9.37
greatest pianists alive,0,51,0%,10.08
flowkey vs simply piano,0,51,0%,23.57
sight reading lessons,0,51,0%,50.27
black blind man singer,0,50,0%,2.34
african american pianist,0,50,0%,3.16
recommended piano for beginners,0,50,0%,15.82
sightread,0,50,0%,49.12
best pianist right now,0,49,0%,8.02
top pianists today,0,49,0%,8.41
who's the blind piano player,0,48,0%,2.46
piano,0,48,0%,5.48
lebih susah gitar atau piano,0,48,0%,9.02
paul barton pianist wikipedia,0,48,0%,9.71
play jonny review,0,48,0%,11.6
local classical pianists,0,48,0%,34.21
black american blind singer,0,47,0%,2.36
most famous pianist alive,0,47,0%,8.64
blind black guy,0,47,0%,8.68
evaluate flowkey on online music lessons,0,47,0%,9.77
blind black male singer,0,46,0%,2.09
best pianist now,0,46,0%,8.48
classical pianists,0,46,0%,13.37
good starter piano,0,46,0%,13.54
blind musican,0,45,0%,5.64
piano for all academy,0,45,0%,5.91
famous pianists of the 21st century,0,45,0%,35.58
piano history,0,45,0%,71
black piano guy,0,44,0%,3.02
playground sessions cost,0,44,0%,9
"""self-taught baritone"" ""berliner""",0,43,0%,2.21
martha argerich,0,43,0%,3.35
blind keyboardist,0,43,0%,4.05
famous blind black people,0,43,0%,4.51
cantantes ciegos negros,0,43,0%,7.93
keyboard for families 2026,0,43,0%,8.4
top piano players,0,43,0%,8.88
lebih susah main gitar atau piano,0,43,0%,9
playground sessions reviews,0,43,0%,11.14
piano playground,0,43,0%,22.26
free sheet music websites,0,43,0%,41.91
what do the pedals on a piano do,0,43,0%,61.02
best piano learning app for kids,0,42,0%,1
tom brier car accident,0,42,0%,7.67
who is the famous blind pianist,0,42,0%,7.76
how to maintain piano,0,42,0%,7.93
greatest pianist today,0,42,0%,8.86
free music scores,0,42,0%,38.33
piano 2026 review,0,41,0%,5.41
who is currently the best pianist in the world,0,41,0%,7.9
blinde pianist,0,41,0%,8.32
who are the best pianists in the world today,0,41,0%,8.66
ridley method piano,0,41,0%,9.76
best keyboard for beginner piano,0,41,0%,19.46
black singer who plays piano,0,40,0%,1.9
best beginner digital piano 2026,0,40,0%,7.2
top concert pianists today,0,40,0%,8.45
best beginner keyboard 2026,0,40,0%,8.9
ridley academy piano,0,40,0%,9.3
piano jonny,0,40,0%,10.95
piano pedals function,0,40,0%,17.02
best weighted keyboard for beginners,0,40,0%,22
stephen ridley academy,0,39,0%,8.13
how is tom brier doing,0,39,0%,9.74
playgroundsessions,0,39,0%,10.85
best piano players of all time,0,39,0%,28.46
black singer plays piano,0,38,0%,1.76
menahem pressler,0,38,0%,3.29
richard clayderman,0,38,0%,3.32
best piano player today,0,38,0%,6.82
tom briar,0,38,0%,7.39
the best pianists in the world,0,38,0%,9.21
current famous pianists,0,38,0%,9.42
piano by pictures coupon,0,38,0%,9.97
ridley academy piano masterclass,0,38,0%,10.05
famous classical pianists today,0,38,0%,11.05
which piano is best for beginners,0,38,0%,16.42
age to start piano lessons,0,38,0%,39.74
flow key cost,0,37,0%,3.73
famous pianist blind,0,37,0%,5.43
hofman academy,0,37,0%,7
evaluate flowkey on piano learning,0,37,0%,9.65
who are the best pianists in the world,0,37,0%,9.84
blind piano player name,0,36,0%,2.72
blind afro american singer,0,36,0%,2.97
dan hon,0,36,0%,8.56
best concert pianists today,0,36,0%,9
pianists today,0,36,0%,9.81
world class pianist,0,36,0%,9.89
buy keyboard for beginners 724,0,36,0%,18.86
entry-level keyboard,0,36,0%,19.14
best starter digital keyboard,0,36,0%,20.92
pianist famous,0,36,0%,22.69
what is busking,0,36,0%,36.33
black blind man,0,35,0%,7.54
lebih susah piano atau gitar,0,35,0%,9.63
black jazz piano players,0,35,0%,15.74
flowkey alternative,0,35,0%,23.4
jonny may,0,35,0%,27.26
busking definition,0,35,0%,30.94
guitar vs piano,0,35,0%,36.14
beginner mistakes when learning an instrument,0,35,0%,63.77
black singer piano player male,0,34,0%,1.35
black musician blind,0,34,0%,2.18
khatia buniatishvili,0,34,0%,3.29
piano maintenance and tuning,0,34,0%,5.44
famous piano players of today,0,34,0%,8.41
who is the best pianist today,0,34,0%,8.82
hoffman piano lessons,0,34,0%,8.85
21 days piano,0,34,0%,12.74
the best piano,0,34,0%,17.82
best home piano for beginners,0,34,0%,19.06
greatest pianists,0,34,0%,20.21
flowkey kosten,0,34,0%,24.29
benefits of playing piano,0,34,0%,70.12
history of the piano,0,34,0%,76.06
blind piano player and singer,0,33,0%,3.06
blind man singer,0,33,0%,5.61
best beginner digital pianos 2026,0,33,0%,6.39
best pianist currently,0,33,0%,8.67
best modern pianist,0,33,0%,9
top 5 piano in 2026,0,33,0%,10.88
playground piano review,0,33,0%,12.39
best contemporary pianists,0,33,0%,12.64
flowke,0,33,0%,13.42
street busking,0,33,0%,31.39
black singer who was blind,0,32,0%,6.66
who is best piano player in world,0,32,0%,8.56
best pianoist,0,32,0%,9
worlds best pianists,0,32,0%,9.44
playjonny review,0,32,0%,10.06
flow key app,0,32,0%,10.16
most popular pianists,0,32,0%,10.28
julien cohen,0,31,0%,2.06
blind guy musician,0,31,0%,3.23
blind person playing piano,0,31,0%,3.48
flow key reviews,0,31,0%,5.94
best pianist in the world now,0,31,0%,9.16
mejores pianistas del mundo actuales,0,31,0%,10.48
course piano for all,0,31,0%,14.42
piano recommendations for beginners,0,31,0%,15.61
famous black jazz piano players,0,31,0%,16.42
playground session piano,0,31,0%,16.84
playground sessions keyboard,0,31,0%,19.9
how rare is perfect pitch,0,31,0%,25
best pianists of all time,0,31,0%,31.1
free sheet music,0,31,0%,37.39
how to sight reading for vegans,0,31,0%,264.29
blind african singer,0,30,0%,5.07
blind piano players famous,0,30,0%,6.23
best piano player currently,0,30,0%,6.47
tom brier now,0,30,0%,8.23
who is the best pianist right now,0,30,0%,8.4
best modern piano players,0,30,0%,8.43
best piano player in world,0,30,0%,8.53
flowkey pris,0,30,0%,8.57
el mejor pianista del mundo actual,0,30,0%,9.5
best simple piano under 50,0,30,0%,10.13
ridley academy piano review,0,30,0%,10.23
current piano players,0,30,0%,10.73
playground sessions price,0,30,0%,10.9
paul barton pianist,0,30,0%,12.13
robin hall piano,0,30,0%,12.97
keyboard piano best beginner,0,30,0%,14.2
playground piano lessons,0,30,0%,19.5
piano or guitar,0,30,0%,34.93
piano player black man,0,29,0%,3.66
flowkey subscription price,0,29,0%,3.86
tom brier today,0,29,0%,4.31
piano by pic,0,29,0%,8.79
autistic piano player black man,0,29,0%,9.1
best pianist alive today,0,29,0%,9.66
ridley piano method,0,29,0%,10.52
best healthy piano under 50,0,29,0%,10.69
playground session review,0,29,0%,11.31
playground piano lessons review,0,29,0%,11.45
piano playground review,0,29,0%,12.72
blind american singer,0,29,0%,13.31
playground sessions songs,0,29,0%,17.1
best piano player of all time,0,29,0%,24.34
piano artists,0,29,0%,25.93
best pianist of all time,0,29,0%,38.34
free no download sheet music,0,29,0%,50.52
what is sight reading,0,29,0%,54.59
yunchan lim,0,28,0%,2.86
tom brier 2026,0,28,0%,4.54
flowkey pricing official 2026,0,28,0%,5
flowket,0,28,0%,8.32
who is the world's best piano player,0,28,0%,8.32
who are the best pianists alive today,0,28,0%,8.39
best pianists alive today,0,28,0%,9.21
skoove vs flowkey,0,28,0%,12.5
stephen ridley piano,0,28,0%,14.64
modern pianists,0,28,0%,20.68
pianoforall - incredible new way to learn piano,0,28,0%,24.18
play piano in 30 days review,0,28,0%,28.89
free sheet music online,0,28,0%,40.14
how to become a piano teacher,0,28,0%,53.07
blind famous black guy,0,27,0%,2.04
how many songs does flowkey have,0,27,0%,3.48
yamaha flowkey price,0,27,0%,5.44
joseph hoffman academy,0,27,0%,7.26
who are the best piano players in the world,0,27,0%,8.67
piano for small apartments 2026,0,27,0%,8.93
piano masterclass stephen ridley,0,27,0%,9.33
is tom brier alive,0,27,0%,9.44
stephen ridley scam,0,27,0%,9.7
best premium piano under 50,0,27,0%,10.3
great piano players,0,27,0%,15.07
jonny may piano,0,27,0%,16.56
perfect pitch meaning,0,27,0%,31.67
black guy piano,0,26,0%,2.96
flowkey subscription plans,0,26,0%,5.08
black pianist famous,0,26,0%,6
what pianist was blind,0,26,0%,9
top 10 male pianists today,0,26,0%,9.35
flow piano app,0,26,0%,9.42
best starter pianos,0,26,0%,9.92
famous self-taught musicians,0,26,0%,12.69
good keyboard for beginner piano,0,26,0%,19.81
pianoforall-incredible new way to learn piano & keyboard,0,26,0%,26.69
is it easier to learn guitar or piano,0,26,0%,30.42
greatest pianists of all time,0,26,0%,35
define busking,0,26,0%,36.73
best pianist in history,0,26,0%,43.88
history of piano,0,26,0%,64.31
famous black blind guy,0,25,0%,2.12
blind man plays piano,0,25,0%,3.84
علم نفسه بنفسه عزف البيانو من هو,0,25,0%,4.96
danhon,0,25,0%,6.96
best budget piano under 50,0,25,0%,9.48
piano by pictures phone number,0,25,0%,9.64
great pianists today,0,25,0%,9.72
who is the best pianist alive,0,25,0%,10
classical pianist,0,25,0%,11.08
piano musicians,0,25,0%,14.64
piano 21 days,0,25,0%,16.72
pianist players,0,25,0%,17.4
famous piano players 21st century,0,25,0%,23.16
is perfect pitch genetic,0,25,0%,25.84
learn piano in 30 days review,0,25,0%,26.72
is piano harder than guitar,0,25,0%,31.56
hoffman acadmey,0,24,0%,7.29
blind muscian,0,24,0%,7.46
pianowithjohnny,0,24,0%,8.79
best pianists right now,0,24,0%,9.79
lebih susah belajar gitar atau piano,0,24,0%,9.83
hoffman music academy,0,24,0%,16.04
most famous piano players,0,24,0%,16.46
perfect pitch in music,0,24,0%,52.96
black blind american singer,0,23,0%,1.96
keyboard piano,0,23,0%,2.35
is flowkey free?,0,23,0%,5.48
hoffman academy.,0,23,0%,7.57
pianista negro ciego,0,23,0%,7.7
flowkeu,0,23,0%,8.48
who is the worlds best pianist,0,23,0%,9.22
best starter keyboard piano,0,23,0%,10.22
best keyboards for beginners,0,23,0%,10.83
blind artist music,0,23,0%,11.65
good beginner keyboard piano,0,23,0%,12.74
jonny piano,0,23,0%,14.17
blind musicians famous,0,23,0%,14.26
ridley academy legit,0,23,0%,16.3
playground sessions guitar,0,23,0%,20.87
free sheet music download sites,0,23,0%,36.35
pianistas famosos actuales,0,23,0%,37.87
famous pianists 21st century,0,23,0%,38.26
damper pedal,0,23,0%,42.17
pedal piano,0,23,0%,46.26
sight-read,0,23,0%,52.7
top dueling pianists,0,23,0%,53.57
flowkey pricing 2026,0,22,0%,4.73
top piano players today,0,22,0%,7.05
is hoffman academy free,0,22,0%,7.41
flowkey review reddit,0,22,0%,8.68
whos the best pianist,0,22,0%,8.82
most famous living pianists,0,22,0%,8.91
black blind guy,0,22,0%,9.55
musician blind,0,22,0%,9.59
best quick piano under 50,0,22,0%,9.86
entry level piano keyboard,0,22,0%,12.68
what piano keyboard is best for beginners,0,22,0%,15.05
blind white piano player,0,22,0%,19.5
piano influencers,0,22,0%,20.55
piano keyboard for beginners,0,22,0%,21.14
is it easier to learn piano or guitar,0,22,0%,31.95
pianon polkimet,0,22,0%,57.91
pianoforte history,0,22,0%,61.77
history of a piano,0,22,0%,71.32
17th century piano,0,21,0%,4.48
blind jazz pianists,0,21,0%,7.52
best simple piano under 500,0,21,0%,9.81
jonny may piano wikipedia,0,21,0%,10.05
best pianist in the world alive,0,21,0%,10.67
modern piano players,0,21,0%,13.05
pianist,0,21,0%,30.62
how to sight reading for digital nomads,0,21,0%,220.9
blind pionist,0,20,0%,2.2
who's the blind black piano player,0,20,0%,2.25
vladimir ashkenazy,0,20,0%,3.15
best piano for beginners 2026,0,20,0%,3.85
black singer that is blind,0,20,0%,3.95
flowkey app price,0,20,0%,4.2
how much is flowkey uk,0,20,0%,4.7
black famous piano players,0,20,0%,4.75
best beginner keyboard piano 2026,0,20,0%,5.7
masterclass-piano.com,0,20,0%,6.4
best current piano players,0,20,0%,7.25
pianowithjonny.com,0,20,0%,8.5
top piano players in the world,0,20,0%,9.1
greatest piano player in the world,0,20,0%,9.7
top 10 piano players,0,20,0%,10.65
famous pianists modern,0,20,0%,12.35
piano players famous,0,20,0%,22.4
is piano or guitar easier to learn,0,20,0%,28.55
free music partition,0,20,0%,38.45
best sheet music site,0,20,0%,40.35
music sight reading,0,20,0%,54
piano lessons,0,19,0%,2.68
black blind jazz musician,0,19,0%,2.74
alexander malofeev,0,19,0%,3
daniil trifonov,0,19,0%,3.53
black blind blues singer,0,19,0%,3.58
världsberömda pianister,0,19,0%,4
what is flow key,0,19,0%,7.16
is piano with jonny worth it,0,19,0%,7.21
blind singer male,0,19,0%,8.63
number 1 pianist in the world,0,19,0%,9.16
greatest piano player of all time,0,19,0%,9.42
modern day pianists,0,19,0%,9.42
flowkey vs pianote,0,19,0%,9.58
best lightweight piano under 500,0,19,0%,9.79
flowkey 5-year subscription,0,19,0%,10.16
steven ridley teaches piano,0,19,0%,10.42
the pianist music academy reviews,0,19,0%,11.05
best pianist world,0,19,0%,11.79
best keyboard pianos for beginners,0,19,0%,12.21
recommend 88-key keyboards for beginners with a budget under $500,0,19,0%,12.74
best keyboard instrument for beginners,0,19,0%,13.74
mejor pianista actual,0,19,0%,15.11
affordable piano for beginner,0,19,0%,20.84
famous piano musicians,0,19,0%,28.74
best age to start piano lessons,0,19,0%,38.58
perfect absolute pitch,0,19,0%,47.16
busking tips,0,19,0%,49.32
piano benefits,0,19,0%,68.79
famous blind black musician,0,18,0%,2.5
angela hewitt,0,18,0%,3.22
keytar,0,18,0%,3.33
blind jazz guys,0,18,0%,5.5
blind music guy,0,18,0%,6.06
flowkwy,0,18,0%,7.72
popular pianist today,0,18,0%,9.56
go.masterclass-piano,0,18,0%,9.72
mejores pianistas de la actualidad,0,18,0%,9.78
best blind piano player,0,18,0%,9.89
is ridley academy legit,0,18,0%,10.61
street busking meaning,0,18,0%,13.33
pianoforall reviews,0,18,0%,15.06