Campaign,Ad group,Ad type,Headline 1,Headline 2,Headline 3,Headline 4,Headline 5,Headline 6,Headline 7,Headline 8,Headline 9,Headline 10,Headline 11,Headline 12,Headline 13,Headline 14,Headline 15,Description 1,Description 2,Description 3,Description 4,Final URL,Path 1,Path 2
Search - Brand,Pianoforall,Responsive search ad,Pianoforall,The Pianoforall Method,Learn Piano by Playing Piano,Robin Hall’s Piano Course,Classics By Ear Courses,Pianoforall Reviews,$49 Once. No Subscription,60-Day Money-Back Guarantee,568 Step-by-Step Lessons,Created by Robin Hall,"Lifetime Access, Any Device","53,000+ Student Ratings","Pop, Blues, Jazz & Classical","Chords First, Reading Later",Pianoforall Piano Course,"Start with chords and rhythm, play by ear, then learn to read music as you go.","Nine books, 568 short video lessons and 25 hours of video. Pay once, keep it for life.","Created by piano teacher Robin Hall. 4.7/5 from 53,000+ student ratings.","Not for you? Ask for a full refund within 60 days. No subscription, ever.",https://pianoforall.academy/,pianoforall,official
Search - Core,Learn Piano Online,Responsive search ad,Learn Piano Online,Online Piano Lessons,Online Piano Course,Learn Piano at Home,Play Music From Lesson One,Works Offline Too,$49 Once. No Subscription,60-Day Money-Back Guarantee,568 Step-by-Step Lessons,Created by Robin Hall,"Lifetime Access, Any Device","53,000+ Student Ratings","Pop, Blues, Jazz & Classical","Chords First, Reading Later",Pianoforall Piano Course,"Start with chords and rhythm, play by ear, then learn to read music as you go.","Nine books, 568 short video lessons and 25 hours of video. Pay once, keep it for life.","Created by piano teacher Robin Hall. 4.7/5 from 53,000+ student ratings.","Not for you? Ask for a full refund within 60 days. No subscription, ever.",https://pianoforall.academy/,piano,lessons
Search - Core,Adult Beginners,Responsive search ad,Piano Lessons for Adults,Adult Beginner Piano Course,Never Too Late to Play Piano,No Children’s Songs,"Short Lessons, Your Pace",Built for Adult Beginners,$49 Once. No Subscription,60-Day Money-Back Guarantee,568 Step-by-Step Lessons,Created by Robin Hall,"Lifetime Access, Any Device","53,000+ Student Ratings","Pop, Blues, Jazz & Classical","Chords First, Reading Later",Pianoforall Piano Course,"Start with chords and rhythm, play by ear, then learn to read music as you go.","Nine books, 568 short video lessons and 25 hours of video. Pay once, keep it for life.","Created by piano teacher Robin Hall. 4.7/5 from 53,000+ student ratings.","Not for you? Ask for a full refund within 60 days. No subscription, ever.",https://pianoforall.academy/course,piano,for-adults
Search - Core,Play By Ear & Chords,Responsive search ad,Learn to Play Piano by Ear,Learn Piano Chords,"Play First, Read Later",Play Songs From Chord Sheets,Learn to Improvise,No Sheet Music to Start,$49 Once. No Subscription,60-Day Money-Back Guarantee,568 Step-by-Step Lessons,Created by Robin Hall,"Lifetime Access, Any Device","53,000+ Student Ratings","Pop, Blues, Jazz & Classical","Chords First, Reading Later",Pianoforall Piano Course,"Start with chords and rhythm, play by ear, then learn to read music as you go.","Nine books, 568 short video lessons and 25 hours of video. Pay once, keep it for life.","Created by piano teacher Robin Hall. 4.7/5 from 53,000+ student ratings.","Not for you? Ask for a full refund within 60 days. No subscription, ever.",https://pianoforall.academy/how-it-works,play-by-ear,chords
Search - Core,Older Beginners,Responsive search ad,Piano Lessons for Seniors,"Learn Piano at 50, 60 or 70",You’re Not Too Old to Learn,Start Piano After Retirement,"Gentle, Step-by-Step Lessons",Learn at Your Own Pace,$49 Once. No Subscription,60-Day Money-Back Guarantee,568 Step-by-Step Lessons,Created by Robin Hall,"Lifetime Access, Any Device","53,000+ Student Ratings","Pop, Blues, Jazz & Classical","Chords First, Reading Later",Pianoforall Piano Course,"Start with chords and rhythm, play by ear, then learn to read music as you go.","Nine books, 568 short video lessons and 25 hours of video. Pay once, keep it for life.","Created by piano teacher Robin Hall. 4.7/5 from 53,000+ student ratings.","Not for you? Ask for a full refund within 60 days. No subscription, ever.",https://pianoforall.academy/am-i-too-old-to-learn-piano,piano,any-age
Search - Core,No Subscription,Responsive search ad,"Piano Course, No Subscription",One-Time Payment Piano Course,"Pay Once, Keep It for Life",No Monthly Fees,Tired of App Subscriptions?,All 9 Books for $49,$49 Once. No Subscription,60-Day Money-Back Guarantee,568 Step-by-Step Lessons,Created by Robin Hall,"Lifetime Access, Any Device","53,000+ Student Ratings","Pop, Blues, Jazz & Classical","Chords First, Reading Later",Pianoforall Piano Course,"Start with chords and rhythm, play by ear, then learn to read music as you go.","Nine books, 568 short video lessons and 25 hours of video. Pay once, keep it for life.","Created by piano teacher Robin Hall. 4.7/5 from 53,000+ student ratings.","Not for you? Ask for a full refund within 60 days. No subscription, ever.",https://pianoforall.academy/pricing,pricing,49-once
Search - Classics By Ear,Moonlight Sonata,Responsive search ad,Learn the Moonlight Sonata,"Moonlight Sonata, Step by Step","38 Lessons, 4 Hours of Video",No Need to Read Music,"Beethoven, 1st Movement",Learn It Bar by Bar,"$49 Once, Lifetime Access",60-Day Money-Back Guarantee,Created by Robin Hall,Keyboard Diagrams + Score,Learn the Patterns First,Short Video Lessons,Online and Offline Access,No Subscription,Classics By Ear Courses,"Learn Beethoven’s Moonlight Sonata (1st movement) a few bars at a time, by ear.","Video, keyboard diagrams and annotated sheet music. 38 lessons, 4 hours of video.","Created by piano teacher Robin Hall. $49 once, lifetime access, no subscription.",Not for you? Ask for a full refund within 60 days.,https://pianoforall.academy/classics-by-ear/moonlight-sonata,moonlight,sonata
Search - Classics By Ear,Satie Gnossiennes,Responsive search ad,Learn Satie’s Gnossiennes,"Gnossienne No. 1, 2 and 3","45 Lessons, 4.5 Hours of Video",No Need to Read Music,A Gentle First Classical Piece,"Chords First, Then Melody","$49 Once, Lifetime Access",60-Day Money-Back Guarantee,Created by Robin Hall,Keyboard Diagrams + Score,Learn the Patterns First,Short Video Lessons,Online and Offline Access,No Subscription,Classics By Ear Courses,"Learn all three of Erik Satie’s Gnossiennes step by step: chords first, then melody.","Video, keyboard diagrams and annotated sheet music. 45 lessons, 4.5 hours of video.","Created by piano teacher Robin Hall. $49 once, lifetime access, no subscription.",Not for you? Ask for a full refund within 60 days.,https://pianoforall.academy/classics-by-ear/erik-satie-gnossiennes,satie,gnossiennes
Search - Classics By Ear,Bach Preludes,Responsive search ad,Learn Bach’s Prelude in C,Prelude in C Major & C Minor,"48 Lessons, 5 Hours of Video",No Need to Read Music,A Great First Classical Piece,Learn the Chord Shapes First,"$49 Once, Lifetime Access",60-Day Money-Back Guarantee,Created by Robin Hall,Keyboard Diagrams + Score,Learn the Patterns First,Short Video Lessons,Online and Offline Access,No Subscription,Classics By Ear Courses,Learn Bach’s Preludes in C major and C minor by learning the chord shapes first.,"Video, keyboard diagrams and annotated sheet music. 48 lessons, 5 hours of video.","Created by piano teacher Robin Hall. $49 once, lifetime access, no subscription.",Not for you? Ask for a full refund within 60 days.,https://pianoforall.academy/classics-by-ear/bach-preludes,bach,preludes
