Asset type,Text,Description 1,Description 2,Final URL
Sitelink,The Course,"All 9 books, 568 lessons",From first chord to jazz,https://pianoforall.academy/course
Sitelink,Pricing & Bundles,"$49 once, no subscription",Bundles from $79,https://pianoforall.academy/pricing
Sitelink,Student Reviews,Real messages from students,Beginners to returning players,https://pianoforall.academy/reviews
Sitelink,How It Works,"Play first, read later",Chords and rhythm first,https://pianoforall.academy/how-it-works
Sitelink,Classics By Ear,"Moonlight Sonata, Satie, Bach",Learn a piece by ear,https://pianoforall.academy/classics-by-ear
Sitelink,Free Backing Tracks,Drums and bass to play with,"Any key, any tempo",https://pianoforall.academy/learn/piano-backing-tracks
Callout,One-Time Payment,,,
Callout,Lifetime Access,,,
Callout,60-Day Money Back,,,
Callout,568 Video Lessons,,,
Callout,Since 2006,,,
Callout,Works Offline,,,
Callout,No Subscription,,,
Callout,"Any Age, Any Level",,,
Structured snippet: Styles,"Pop, Blues, Rock ’n’ Roll, Ballads, Jazz, Classical",,,
Structured snippet: Courses,"Pianoforall, Moonlight Sonata, Satie Gnossiennes, Bach Preludes",,,
Price,Pianoforall,$49 one-time,,https://pianoforall.academy/course
Price,Moonlight Sonata,$49 one-time,,https://pianoforall.academy/classics-by-ear/moonlight-sonata
Price,Classics Bundle,$79 one-time,,https://pianoforall.academy/pricing
Price,Complete Bundle,$99 one-time,,https://pianoforall.academy/pricing
