Campaign,Ad group,Keyword,Criterion Type
Search - Brand,Pianoforall,pianoforall,Exact
Search - Brand,Pianoforall,pianoforall,Phrase
Search - Brand,Pianoforall,piano for all,Exact
Search - Brand,Pianoforall,piano for all,Phrase
Search - Brand,Pianoforall,pianoforall review,Exact
Search - Brand,Pianoforall,pianoforall review,Phrase
Search - Brand,Pianoforall,pianoforall reviews,Exact
Search - Brand,Pianoforall,pianoforall reviews,Phrase
Search - Brand,Pianoforall,pianoforall price,Exact
Search - Brand,Pianoforall,pianoforall price,Phrase
Search - Brand,Pianoforall,piano for all course,Exact
Search - Brand,Pianoforall,piano for all course,Phrase
Search - Brand,Pianoforall,robin hall piano,Exact
Search - Brand,Pianoforall,robin hall piano,Phrase
Search - Core,Learn Piano Online,learn piano online,Exact
Search - Core,Learn Piano Online,learn piano online,Phrase
Search - Core,Learn Piano Online,online piano lessons,Exact
Search - Core,Learn Piano Online,online piano lessons,Phrase
Search - Core,Learn Piano Online,online piano course,Exact
Search - Core,Learn Piano Online,online piano course,Phrase
Search - Core,Learn Piano Online,piano course online,Exact
Search - Core,Learn Piano Online,piano course online,Phrase
Search - Core,Learn Piano Online,learn to play piano online,Exact
Search - Core,Learn Piano Online,learn to play piano online,Phrase
Search - Core,Learn Piano Online,piano lessons online for beginners,Exact
Search - Core,Learn Piano Online,piano lessons online for beginners,Phrase
Search - Core,Learn Piano Online,best online piano course,Exact
Search - Core,Learn Piano Online,best online piano course,Phrase
Search - Core,Learn Piano Online,best way to learn piano online,Exact
Search - Core,Learn Piano Online,best way to learn piano online,Phrase
Search - Core,Adult Beginners,piano lessons for adults,Exact
Search - Core,Adult Beginners,piano lessons for adults,Phrase
Search - Core,Adult Beginners,adult piano lessons,Exact
Search - Core,Adult Beginners,adult piano lessons,Phrase
Search - Core,Adult Beginners,adult beginner piano,Exact
Search - Core,Adult Beginners,adult beginner piano,Phrase
Search - Core,Adult Beginners,learn piano as an adult,Exact
Search - Core,Adult Beginners,learn piano as an adult,Phrase
Search - Core,Adult Beginners,piano for adult beginners,Exact
Search - Core,Adult Beginners,piano for adult beginners,Phrase
Search - Core,Adult Beginners,online piano lessons for adults,Exact
Search - Core,Adult Beginners,online piano lessons for adults,Phrase
Search - Core,Adult Beginners,beginner piano course for adults,Exact
Search - Core,Adult Beginners,beginner piano course for adults,Phrase
Search - Core,Play By Ear & Chords,learn to play piano by ear,Exact
Search - Core,Play By Ear & Chords,learn to play piano by ear,Phrase
Search - Core,Play By Ear & Chords,play piano by ear course,Exact
Search - Core,Play By Ear & Chords,play piano by ear course,Phrase
Search - Core,Play By Ear & Chords,learn piano chords,Exact
Search - Core,Play By Ear & Chords,learn piano chords,Phrase
Search - Core,Play By Ear & Chords,piano chords course,Exact
Search - Core,Play By Ear & Chords,piano chords course,Phrase
Search - Core,Play By Ear & Chords,chord piano lessons,Exact
Search - Core,Play By Ear & Chords,chord piano lessons,Phrase
Search - Core,Play By Ear & Chords,learn piano without reading music,Exact
Search - Core,Play By Ear & Chords,learn piano without reading music,Phrase
Search - Core,Play By Ear & Chords,piano without sheet music,Exact
Search - Core,Play By Ear & Chords,piano without sheet music,Phrase
Search - Core,Older Beginners,piano lessons for seniors,Exact
Search - Core,Older Beginners,piano lessons for seniors,Phrase
Search - Core,Older Beginners,learn piano at 60,Exact
Search - Core,Older Beginners,learn piano at 60,Phrase
Search - Core,Older Beginners,learn piano at 50,Exact
Search - Core,Older Beginners,learn piano at 50,Phrase
Search - Core,Older Beginners,learning piano later in life,Exact
Search - Core,Older Beginners,learning piano later in life,Phrase
Search - Core,Older Beginners,am i too old to learn piano,Exact
Search - Core,Older Beginners,am i too old to learn piano,Phrase
Search - Core,Older Beginners,piano lessons for retirees,Exact
Search - Core,Older Beginners,piano lessons for retirees,Phrase
Search - Core,No Subscription,piano course no subscription,Exact
Search - Core,No Subscription,piano course no subscription,Phrase
Search - Core,No Subscription,piano lessons one time payment,Exact
Search - Core,No Subscription,piano lessons one time payment,Phrase
Search - Core,No Subscription,piano course lifetime access,Exact
Search - Core,No Subscription,piano course lifetime access,Phrase
Search - Core,No Subscription,piano lessons without subscription,Exact
Search - Core,No Subscription,piano lessons without subscription,Phrase
Search - Core,No Subscription,one time payment piano app,Exact
Search - Core,No Subscription,one time payment piano app,Phrase
Search - Classics By Ear,Moonlight Sonata,learn moonlight sonata,Exact
Search - Classics By Ear,Moonlight Sonata,learn moonlight sonata,Phrase
Search - Classics By Ear,Moonlight Sonata,moonlight sonata piano lessons,Exact
Search - Classics By Ear,Moonlight Sonata,moonlight sonata piano lessons,Phrase
Search - Classics By Ear,Moonlight Sonata,how to play moonlight sonata,Exact
Search - Classics By Ear,Moonlight Sonata,how to play moonlight sonata,Phrase
Search - Classics By Ear,Moonlight Sonata,moonlight sonata course,Exact
Search - Classics By Ear,Moonlight Sonata,moonlight sonata course,Phrase
Search - Classics By Ear,Moonlight Sonata,learn moonlight sonata 1st movement,Exact
Search - Classics By Ear,Moonlight Sonata,learn moonlight sonata 1st movement,Phrase
Search - Classics By Ear,Moonlight Sonata,moonlight sonata for beginners,Exact
Search - Classics By Ear,Moonlight Sonata,moonlight sonata for beginners,Phrase
Search - Classics By Ear,Satie Gnossiennes,learn gnossienne no 1,Exact
Search - Classics By Ear,Satie Gnossiennes,learn gnossienne no 1,Phrase
Search - Classics By Ear,Satie Gnossiennes,gnossienne piano lessons,Exact
Search - Classics By Ear,Satie Gnossiennes,gnossienne piano lessons,Phrase
Search - Classics By Ear,Satie Gnossiennes,how to play gnossienne 1,Exact
Search - Classics By Ear,Satie Gnossiennes,how to play gnossienne 1,Phrase
Search - Classics By Ear,Satie Gnossiennes,satie gnossienne course,Exact
Search - Classics By Ear,Satie Gnossiennes,satie gnossienne course,Phrase
Search - Classics By Ear,Satie Gnossiennes,erik satie piano lessons,Exact
Search - Classics By Ear,Satie Gnossiennes,erik satie piano lessons,Phrase
Search - Classics By Ear,Bach Preludes,learn bach prelude in c major,Exact
Search - Classics By Ear,Bach Preludes,learn bach prelude in c major,Phrase
Search - Classics By Ear,Bach Preludes,bach prelude in c piano lessons,Exact
Search - Classics By Ear,Bach Preludes,bach prelude in c piano lessons,Phrase
Search - Classics By Ear,Bach Preludes,how to play bach prelude in c,Exact
Search - Classics By Ear,Bach Preludes,how to play bach prelude in c,Phrase
Search - Classics By Ear,Bach Preludes,bach prelude c major course,Exact
Search - Classics By Ear,Bach Preludes,bach prelude c major course,Phrase
Search - Classics By Ear,Bach Preludes,bach prelude piano for beginners,Exact
Search - Classics By Ear,Bach Preludes,bach prelude piano for beginners,Phrase
