Campaign,Keyword,Criterion Type
Search - Core,free,Negative Phrase
Search - Core,download,Negative Phrase
Search - Core,pdf,Negative Phrase
Search - Core,torrent,Negative Phrase
Search - Core,crack,Negative Phrase
Search - Core,apk,Negative Phrase
Search - Core,mod,Negative Phrase
Search - Core,sheet music,Negative Phrase
Search - Core,midi file,Negative Phrase
Search - Core,near me,Negative Phrase
Search - Core,in person,Negative Phrase
Search - Core,teacher job,Negative Phrase
Search - Core,jobs,Negative Phrase
Search - Core,salary,Negative Phrase
Search - Core,certification,Negative Phrase
Search - Core,degree,Negative Phrase
Search - Core,conservatory,Negative Phrase
Search - Core,abrsm,Negative Phrase
Search - Core,grade 1,Negative Phrase
Search - Core,grade 2,Negative Phrase
Search - Core,kids,Negative Phrase
Search - Core,children,Negative Phrase
Search - Core,child,Negative Phrase
Search - Core,toddler,Negative Phrase
Search - Core,preschool,Negative Phrase
Search - Core,for sale,Negative Phrase
Search - Core,buy piano,Negative Phrase
Search - Core,used piano,Negative Phrase
Search - Core,piano price,Negative Phrase
Search - Core,keyboard price,Negative Phrase
Search - Core,piano repair,Negative Phrase
Search - Core,piano tuning,Negative Phrase
Search - Core,piano tuner,Negative Phrase
Search - Core,piano movers,Negative Phrase
Search - Core,virtual piano,Negative Phrase
Search - Core,online piano keyboard,Negative Phrase
Search - Core,piano tiles,Negative Phrase
Search - Core,game,Negative Phrase
Search - Core,roblox,Negative Phrase
Search - Core,synthesia,Negative Phrase
Search - Core,youtube,Negative Phrase
Search - Core,reddit,Negative Phrase
Search - Core,wikipedia,Negative Phrase
Search - Core,lyrics,Negative Phrase
Search - Core,chords chart pdf,Negative Phrase
Search - Core,violin,Negative Phrase
Search - Core,guitar lessons,Negative Phrase
Search - Core,drum lessons,Negative Phrase
Search - Core,singing lessons,Negative Phrase
Search - Core,organ,Negative Phrase
Search - Core,accordion,Negative Phrase
Search - Classics By Ear,free,Negative Phrase
Search - Classics By Ear,download,Negative Phrase
Search - Classics By Ear,pdf,Negative Phrase
Search - Classics By Ear,torrent,Negative Phrase
Search - Classics By Ear,crack,Negative Phrase
Search - Classics By Ear,apk,Negative Phrase
Search - Classics By Ear,mod,Negative Phrase
Search - Classics By Ear,sheet music,Negative Phrase
Search - Classics By Ear,midi file,Negative Phrase
Search - Classics By Ear,near me,Negative Phrase
Search - Classics By Ear,in person,Negative Phrase
Search - Classics By Ear,teacher job,Negative Phrase
Search - Classics By Ear,jobs,Negative Phrase
Search - Classics By Ear,salary,Negative Phrase
Search - Classics By Ear,certification,Negative Phrase
Search - Classics By Ear,degree,Negative Phrase
Search - Classics By Ear,conservatory,Negative Phrase
Search - Classics By Ear,abrsm,Negative Phrase
Search - Classics By Ear,grade 1,Negative Phrase
Search - Classics By Ear,grade 2,Negative Phrase
Search - Classics By Ear,kids,Negative Phrase
Search - Classics By Ear,children,Negative Phrase
Search - Classics By Ear,child,Negative Phrase
Search - Classics By Ear,toddler,Negative Phrase
Search - Classics By Ear,preschool,Negative Phrase
Search - Classics By Ear,for sale,Negative Phrase
Search - Classics By Ear,buy piano,Negative Phrase
Search - Classics By Ear,used piano,Negative Phrase
Search - Classics By Ear,piano price,Negative Phrase
Search - Classics By Ear,keyboard price,Negative Phrase
Search - Classics By Ear,piano repair,Negative Phrase
Search - Classics By Ear,piano tuning,Negative Phrase
Search - Classics By Ear,piano tuner,Negative Phrase
Search - Classics By Ear,piano movers,Negative Phrase
Search - Classics By Ear,virtual piano,Negative Phrase
Search - Classics By Ear,online piano keyboard,Negative Phrase
Search - Classics By Ear,piano tiles,Negative Phrase
Search - Classics By Ear,game,Negative Phrase
Search - Classics By Ear,roblox,Negative Phrase
Search - Classics By Ear,synthesia,Negative Phrase
Search - Classics By Ear,youtube,Negative Phrase
Search - Classics By Ear,reddit,Negative Phrase
Search - Classics By Ear,wikipedia,Negative Phrase
Search - Classics By Ear,lyrics,Negative Phrase
Search - Classics By Ear,chords chart pdf,Negative Phrase
Search - Classics By Ear,violin,Negative Phrase
Search - Classics By Ear,guitar lessons,Negative Phrase
Search - Classics By Ear,drum lessons,Negative Phrase
Search - Classics By Ear,singing lessons,Negative Phrase
Search - Classics By Ear,organ,Negative Phrase
Search - Classics By Ear,accordion,Negative Phrase
Search - Brand,download,Negative Phrase
Search - Brand,pdf,Negative Phrase
Search - Brand,torrent,Negative Phrase
Search - Brand,crack,Negative Phrase
Search - Brand,apk,Negative Phrase
Search - Brand,mod,Negative Phrase
Search - Brand,sheet music,Negative Phrase
Search - Brand,midi file,Negative Phrase
Search - Brand,near me,Negative Phrase
Search - Brand,in person,Negative Phrase
Search - Brand,teacher job,Negative Phrase
Search - Brand,jobs,Negative Phrase
Search - Brand,salary,Negative Phrase
Search - Brand,certification,Negative Phrase
Search - Brand,degree,Negative Phrase
Search - Brand,conservatory,Negative Phrase
Search - Brand,abrsm,Negative Phrase
Search - Brand,grade 1,Negative Phrase
Search - Brand,grade 2,Negative Phrase
Search - Brand,kids,Negative Phrase
Search - Brand,children,Negative Phrase
Search - Brand,child,Negative Phrase
Search - Brand,toddler,Negative Phrase
Search - Brand,preschool,Negative Phrase
Search - Brand,for sale,Negative Phrase
Search - Brand,buy piano,Negative Phrase
Search - Brand,used piano,Negative Phrase
Search - Brand,piano price,Negative Phrase
Search - Brand,keyboard price,Negative Phrase
Search - Brand,piano repair,Negative Phrase
Search - Brand,piano tuning,Negative Phrase
Search - Brand,piano tuner,Negative Phrase
Search - Brand,piano movers,Negative Phrase
Search - Brand,virtual piano,Negative Phrase
Search - Brand,online piano keyboard,Negative Phrase
Search - Brand,piano tiles,Negative Phrase
Search - Brand,game,Negative Phrase
Search - Brand,roblox,Negative Phrase
Search - Brand,synthesia,Negative Phrase
Search - Brand,youtube,Negative Phrase
Search - Brand,reddit,Negative Phrase
Search - Brand,wikipedia,Negative Phrase
Search - Brand,lyrics,Negative Phrase
Search - Brand,chords chart pdf,Negative Phrase
Search - Brand,violin,Negative Phrase
Search - Brand,guitar lessons,Negative Phrase
Search - Brand,drum lessons,Negative Phrase
Search - Brand,singing lessons,Negative Phrase
Search - Brand,organ,Negative Phrase
Search - Brand,accordion,Negative Phrase
Search - Core,pianoforall,Negative Phrase
Search - Core,piano for all,Negative Phrase
Search - Classics By Ear,pianoforall,Negative Phrase
Search - Classics By Ear,piano for all,Negative Phrase
